grid,cvar_no_transfer,cvar_transfer,reduction_pct,transfer_used
us_west,2006140.984210526,1925134.7894736843,4.037911361883676,3060.0
taskc,1511134.2157894736,1361419.1736842105,9.907461596787835,1290.0
us_hetero,874121.9578947368,795124.3894736842,9.03736231627367,680.0
