grid,B,M,Delta
us_west,253057.26537971804,131556.0567790779,1.923569857408216
taskc,112245.2862626812,32910.48100481772,3.410624300697695
us_hetero,83626.60230557669,54086.03121149901,1.546177458992354
