regime,alpha,eps*_joint,eps*_shuf,joint_CVaR,shuf_CVaR,joint_mean,shuf_mean,gap_abs,gap_pct,gap_ci_lo,gap_ci_hi,detectable
R3_reference,0.3,0.1,1.0,1513058.2333636377,1515772.940400086,1259961.2626782672,1264025.2515709375,2714.70703644841,0.17909720935721854,1718.9186576277193,3295.377853983629,True
R3_reference,0.5,0.1,0.1,1515267.5382049198,1515267.5386570261,1263252.6736871053,1263252.674295568,0.0004521063528954983,2.9836734527831154e-08,0.0002978581178467721,0.0005133952014148236,True
R3_reference,0.75,0.1,0.1,1516937.0900819774,1516943.315975884,1267478.995777681,1267473.4434851948,6.225893906550482,0.00041042363554271794,-22.099553947267122,29.55030520923901,False
R1_lean,0.3,0.1,1.0,1513058.2358027427,1515773.1653570954,1259961.2681064608,1264025.5677851497,2714.9295543527696,0.17911186293584827,1719.0845507140098,3295.6243942591013,True
R1_lean,0.5,0.1,0.1,1515267.5346271957,1515267.5389186307,1263252.6687226533,1263252.6746610017,0.004291435005143285,2.8321302310784425e-07,0.0027258438989520074,0.004858710680855438,True
R1_lean,0.75,0.1,0.1,1516937.0907387987,1516943.2372141986,1267478.993312796,1267473.5075028266,6.146475399844348,0.0004051882264976564,-21.817606466374126,29.174136721435932,False
R2_varcap,0.3,0.1,1.0,1511153.7759110276,1513328.1757189159,1257280.2577295199,1261165.536145285,2174.399807888316,0.14368329637788935,1350.9203697455755,2825.1054502467914,True
R2_varcap,0.5,0.1,0.1,1513089.8720940724,1513089.862736449,1260893.7565597063,1260893.7407128746,-0.009357623290270567,-6.184446489745918e-07,-0.013242246996378526,-0.004917828348698095,True
R2_varcap,0.75,0.1,0.1,1515279.34701868,1515279.3417415426,1265924.8200726828,1265924.8140852768,-0.005277137504890561,-3.482616940336186e-07,-0.0076228505524341015,-0.003151757485466078,True
